{"schemaVersion":"1.0","appDefinitionTemplate":{"id":"/providers/Microsoft.PowerApps/apps/","type":"Microsoft.PowerApps/apps","tags":{"primaryDeviceWidth":"640","primaryDeviceHeight":"1136","sienaVersion":"20201125T151322Z-3.20112.43.0","deviceCapabilities":"","supportsPortrait":"true","supportsLandscape":"false","primaryFormFactor":"Phone","publisherVersion":"3.20112.43","minimumRequiredApiVersion":"2.2.0","hasComponent":"false","hasUnlockedComponent":"false","isUnifiedRootApp":"false"},"properties":{"appVersion":"2020-11-25T15:13:22Z","lifeCycleId":"Published","createdByClientVersion":{"major":3,"minor":20112,"build":43,"revision":0,"majorRevision":0,"minorRevision":0},"minClientVersion":{"major":3,"minor":20112,"build":43,"revision":0,"majorRevision":0,"minorRevision":0},"backgroundColor":"rgba(0, 176, 240, 1)","backgroundImageUri":"/12198770380894176740/N6d7710cc-c230-4ae2-81ca-0e931696802d-logoSmallFile","displayName":"“Specialist Requests”_KA20065362","description":"","commitMessage":"","appUris":{"documentUri":{"value":"/12198770380894176740/N9b4bfe58-9ae6-40d2-9d13-599007f24c73-document.msapp"},"imageUris":[]},"createdTime":"0001-01-01T00:00:00Z","lastModifiedTime":"0001-01-01T00:00:00Z","sharedGroupsCount":0,"sharedUsersCount":0,"icons":{"smallIconUri":"/12198770380894176740/Na3e94b1d-4219-40ee-8254-ea2268e24343-small.png","mediumIconUri":"/12198770380894176740/N2eeb943b-1082-49f2-92c8-8af6eb836082-medium.png","largeIconUri":"/12198770380894176740/N7773777d-5a49-4160-83ef-fc4448a21d84-large.png","wideIconUri":"/12198770380894176740/Nb78b02e1-c597-40e8-9226-970d65f0f1c4-wide.png"},"connectionReferences":{"6b31528a-86e2-48f9-8c33-319ad0a3b7e2":{"id":"94fcfd32-7a94-4055-a37f-f9de21b8406c","displayName":"Excel","iconUri":"https://connectoricons-prod.azureedge.net/releases/v1.0.1411/1.0.1411.2207/excel/icon.png","dataSources":["Table2"],"dependencies":["32156c14-47ca-42da-9df4-e533f3bd386a"],"dependents":[],"parameterHints":{"32156c14-47ca-42da-9df4-e533f3bd386a":{"value":"fileSource"}},"isOnPremiseConnection":false,"bypassConsent":false,"dataSets":{"b!RBQgf7riiEW1RyUATyvmnamCyIqKpPRGl_dCTjwOTCqFiA6nkr-4TJernNNvrCoO.01V6KEWEW5GDBE6SW2BBEI63WEGJUJWBUB":{"dataSources":{"Table2":{"tableName":"Table2"}}}},"apiTier":"Standard","isCustomApiConnection":false},"32156c14-47ca-42da-9df4-e533f3bd386a":{"id":"16245e26-dbcf-4735-aa52-4b52f17d38c3","displayName":"OneDrive for Business","iconUri":"https://connectoricons-prod.azureedge.net/releases/v1.0.1407/1.0.1407.2182/onedriveforbusiness/icon.png","dataSources":[],"dependencies":[],"dependents":["6b31528a-86e2-48f9-8c33-319ad0a3b7e2"],"parameterHints":{},"isOnPremiseConnection":false,"bypassConsent":false,"dataSets":{},"apiTier":"Standard","isCustomApiConnection":false}},"databaseReferences":{},"almMode":"Environment","performanceOptimizationEnabled":true,"canConsumeAppPass":true,"executionRestrictions":{"isTeamsOnly":false,"dataLossPreventionEvaluationResult":{"status":"Compliant","lastEvaluationDate":"2020-11-25T15:11:06.6200662Z","violationDetails":[]}}},"isAppComponentLibrary":false,"appType":"ClassicCanvasApp","appComponents":[]}}